"0","Répartition<-Projet%>%"
"0","  select(sexe)%>%"
"0","  count(sexe)%>%"
"0","  mutate(Percentage=n/sum(n)*100) #pour calculer la fréquence"
"0","ggplot(Répartition, aes(x = """",y=n ,fill =sexe)) +"
"0","  geom_bar(stat = ""identity"" , position = ""fill"") +"
"0","  coord_polar(""y"") +"
"0","    scale_fill_manual(values = c(""Femme"" = ""red"", ""Homme"" = ""blue"")) + #pour mettre des couleurs manuallement "
"0","  geom_text(aes(label=paste0(round(Percentage,1),""%"")),position = position_fill(vjust = 0.4))+"
"0","  theme_void()+"
"0","  labs(fill=""sexe"",title = ""Répartion de PME suivant le sexe"") #pour nomme les axes et legende et le titre du graphe"
