{"chunk_definitions":[{"row":11,"row_count":1,"visible":true,"expansion_state":0,"options":{"engine":"r","label":"setup","include":false,"dev":"png"},"document_id":"EB3B4E4D","chunk_id":"csetup_chunk","chunk_label":"setup"},{"row":25,"row_count":1,"visible":true,"expansion_state":0,"options":{"engine":"r","label":"unnamed-chunk-2","dev":"png"},"document_id":"EB3B4E4D","chunk_id":"ctvhaibm8u7ls","chunk_label":"unnamed-chunk-1"},{"row":41,"row_count":1,"visible":true,"expansion_state":0,"options":{"engine":"r","label":"unnamed-chunk-3","dev":"png"},"document_id":"EB3B4E4D","chunk_id":"cmvai9rvintkh","chunk_label":"unnamed-chunk-2"},{"row":49,"row_count":1,"visible":true,"expansion_state":0,"options":{"engine":"r","label":"unnamed-chunk-4","dev":"png"},"document_id":"EB3B4E4D","chunk_id":"cn1lokc7txcs8","chunk_label":"unnamed-chunk-3"},{"row":57,"row_count":1,"visible":true,"expansion_state":0,"options":{"engine":"r","label":"unnamed-chunk-5","dev":"png"},"document_id":"EB3B4E4D","chunk_id":"csriyzzx44lmw","chunk_label":"unnamed-chunk-4"},{"row":69,"row_count":1,"visible":true,"expansion_state":0,"options":{"engine":"r","label":"unnamed-chunk-6","dev":"png"},"document_id":"EB3B4E4D","chunk_id":"cw0xzoqdsoz6a","chunk_label":"unnamed-chunk-5"},{"row":79,"row_count":1,"visible":true,"expansion_state":0,"options":{"engine":"r","label":"unnamed-chunk-7","dev":"png"},"document_id":"EB3B4E4D","chunk_id":"cnbkv5xv7fg7u","chunk_label":"unnamed-chunk-6"},{"row":88,"row_count":1,"visible":true,"expansion_state":0,"options":{"engine":"r","label":"unnamed-chunk-8","dev":"png"},"document_id":"EB3B4E4D","chunk_id":"c20aad0et76q5","chunk_label":"unnamed-chunk-7"},{"row":97,"row_count":1,"visible":true,"expansion_state":0,"options":{"engine":"r","label":"unnamed-chunk-9","dev":"png"},"document_id":"EB3B4E4D","chunk_id":"crxiasm9lnupo","chunk_label":"unnamed-chunk-8"},{"row":106,"row_count":1,"visible":true,"expansion_state":0,"options":{"engine":"r","label":"unnamed-chunk-10","dev":"png"},"document_id":"EB3B4E4D","chunk_id":"cqhs0znoqfxxu","chunk_label":"unnamed-chunk-9"},{"row":115,"row_count":1,"visible":true,"expansion_state":0,"options":{"engine":"r","label":"unnamed-chunk-11","dev":"png"},"document_id":"EB3B4E4D","chunk_id":"ciuvyh583knit","chunk_label":"unnamed-chunk-10"},{"row":135,"row_count":1,"visible":true,"expansion_state":1,"options":{"engine":"r","label":"unnamed-chunk-12","dev":"png"},"document_id":"EB3B4E4D","chunk_id":"c08jc4l4mi4i0","chunk_label":"unnamed-chunk-11"},{"row":152,"row_count":1,"visible":true,"expansion_state":1,"options":{"engine":"r","label":"unnamed-chunk-50","dev":"png"},"document_id":"EB3B4E4D","chunk_id":"cek1nhtwkautd","chunk_label":"unnamed-chunk-12"},{"row":167,"row_count":1,"visible":true,"expansion_state":1,"options":{"engine":"r","label":"unnamed-chunk-18","dev":"png"},"document_id":"EB3B4E4D","chunk_id":"cph2ekvl3insd","chunk_label":"unnamed-chunk-13"},{"row":184,"row_count":1,"visible":true,"expansion_state":1,"options":{"engine":"r","label":"unnamed-chunk-52","dev":"png"},"document_id":"EB3B4E4D","chunk_id":"c25ete958lbpv","chunk_label":"unnamed-chunk-14"},{"row":199,"row_count":1,"visible":true,"expansion_state":1,"options":{"engine":"r","label":"unnamed-chunk-33","dev":"png"},"document_id":"EB3B4E4D","chunk_id":"crxuixztoihxf","chunk_label":"unnamed-chunk-15"},{"row":214,"row_count":1,"visible":true,"expansion_state":1,"options":{"engine":"r","label":"unnamed-chunk-19","dev":"png"},"document_id":"EB3B4E4D","chunk_id":"cfyzfdk1pigou","chunk_label":"unnamed-chunk-16"},{"row":228,"row_count":1,"visible":true,"expansion_state":1,"options":{"engine":"r","label":"unnamed-chunk-48","dev":"png"},"document_id":"EB3B4E4D","chunk_id":"cgthv8dn66dmp","chunk_label":"unnamed-chunk-17"},{"row":246,"row_count":1,"visible":true,"expansion_state":0,"options":{"engine":"r","label":"unnamed-chunk-53","dev":"png"},"document_id":"EB3B4E4D","chunk_id":"cm8izo6106z11","chunk_label":"unnamed-chunk-18"},{"row":261,"row_count":1,"visible":true,"expansion_state":0,"options":{"engine":"r","label":"unnamed-chunk-56","dev":"png"},"document_id":"EB3B4E4D","chunk_id":"chwt9jq52333x","chunk_label":"unnamed-chunk-19"},{"row":269,"row_count":1,"visible":true,"expansion_state":1,"options":{"engine":"r","label":"unnamed-chunk-66","dev":"png"},"document_id":"EB3B4E4D","chunk_id":"chcwgk8f3f52q","chunk_label":"unnamed-chunk-20"},{"row":275,"row_count":1,"visible":true,"expansion_state":1,"options":{"engine":"r","label":"unnamed-chunk-61","dev":"png"},"document_id":"EB3B4E4D","chunk_id":"c38un3kwp32hf","chunk_label":"unnamed-chunk-21"},{"row":281,"row_count":1,"visible":true,"expansion_state":1,"options":{"engine":"r","label":"unnamed-chunk-62","dev":"png"},"document_id":"EB3B4E4D","chunk_id":"c2yd263qoeuxj","chunk_label":"unnamed-chunk-22"},{"row":287,"row_count":1,"visible":true,"expansion_state":1,"options":{"engine":"r","label":"unnamed-chunk-69","dev":"png"},"document_id":"EB3B4E4D","chunk_id":"cs6fxmaai6ndd","chunk_label":"unnamed-chunk-23"}],"doc_write_time":1712426008,"working_dir":null,"default_chunk_options":{"echo":true},"chunk_rendered_width":494}