"0","univarie(sexe,Projet)"
"1","[1m[33mError[39m:[22m
[38;5;232m[33m![38;5;232m Error in `include=` argument input. Select from
  ‘key’, ‘region’, ‘departement’, ‘sexe’, ‘q24’,
  ‘q24a_1’, ‘q24a_2’, ‘q24a_3’, ‘q24a_4’, ‘q24a_5’,
  ‘q24a_6’, ‘q24a_7’, ‘q24a_9’, ‘q24a_10’, ‘q25’, ‘q26’,
  ‘q12’, ‘q14b’, ‘q16’, ‘q17’, ‘q19’, ‘q20’, ‘filiere_1’,
  ‘filiere_2’, ‘filiere_3’, ‘filiere_4’, ‘q8’, ‘q81’,
  ‘gps_menlatitude’, ‘gps_menlongitude’,
  ‘submissiondate’, ‘start’, ‘today’, ‘sexe_2’, ‘parle’[39m
Backtrace:
[90m  1. [39m[1mglobal[22m univarie(sexe, Projet)
[90m  6. [39m[1mgtsummary[22m::tbl_summary(., include = c(variable))
[90m 10. [39mbroom.helpers::.select_to_varnames(...)
[90m 11. [39m[1mbase[22m::tryCatch(...)
[90m 12. [39mbase (local) tryCatchList(expr, classes, parentenv, handlers)
[90m 13. [39mbase (local) tryCatchOne(expr, names, parentenv, handlers[[1L]])
[90m 14. [39mvalue[[3L]](cond)
"
