{"chunk_definitions":[{"row":11,"row_count":1,"visible":true,"expansion_state":0,"options":{"engine":"r","label":"setup","include":false,"dev":"png"},"document_id":"EB3B4E4D","chunk_id":"csetup_chunk","chunk_label":"setup"},{"row":22,"row_count":1,"visible":true,"expansion_state":1,"options":{"engine":"r","label":"unnamed-chunk-2","dev":"png"},"document_id":"EB3B4E4D","chunk_id":"c9th7jguns6xp","chunk_label":"unnamed-chunk-1"},{"row":37,"row_count":1,"visible":true,"expansion_state":0,"options":{"engine":"r","label":"unnamed-chunk-6","dev":"png"},"document_id":"EB3B4E4D","chunk_id":"cmvai9rvintkh","chunk_label":"unnamed-chunk-2"},{"row":44,"row_count":1,"visible":true,"expansion_state":1,"options":{"engine":"r","label":"unnamed-chunk-4","dev":"png"},"document_id":"EB3B4E4D","chunk_id":"cn1lokc7txcs8","chunk_label":"unnamed-chunk-3"},{"row":54,"row_count":1,"visible":true,"expansion_state":0,"options":{"engine":"r","label":"unnamed-chunk-5","dev":"png"},"document_id":"EB3B4E4D","chunk_id":"cun0ctqc9paaz","chunk_label":"unnamed-chunk-4"},{"row":62,"row_count":1,"visible":true,"expansion_state":0,"options":{"engine":"r","label":"unnamed-chunk-6","dev":"png"},"document_id":"EB3B4E4D","chunk_id":"cnbkv5xv7fg7u","chunk_label":"unnamed-chunk-5"},{"row":69,"row_count":1,"visible":true,"expansion_state":0,"options":{"engine":"r","label":"unnamed-chunk-7","dev":"png"},"document_id":"EB3B4E4D","chunk_id":"c20aad0et76q5","chunk_label":"unnamed-chunk-6"},{"row":76,"row_count":1,"visible":true,"expansion_state":0,"options":{"engine":"r","label":"unnamed-chunk-8","dev":"png"},"document_id":"EB3B4E4D","chunk_id":"crxiasm9lnupo","chunk_label":"unnamed-chunk-7"},{"row":83,"row_count":1,"visible":true,"expansion_state":0,"options":{"engine":"r","label":"unnamed-chunk-9","dev":"png"},"document_id":"EB3B4E4D","chunk_id":"cqhs0znoqfxxu","chunk_label":"unnamed-chunk-8"},{"row":90,"row_count":1,"visible":true,"expansion_state":0,"options":{"engine":"r","label":"unnamed-chunk-10","dev":"png"},"document_id":"EB3B4E4D","chunk_id":"ciuvyh583knit","chunk_label":"unnamed-chunk-9"},{"row":109,"row_count":1,"visible":true,"expansion_state":0,"options":{"engine":"r","label":"unnamed-chunk-11","dev":"png"},"document_id":"EB3B4E4D","chunk_id":"c08jc4l4mi4i0","chunk_label":"unnamed-chunk-10"},{"row":122,"row_count":1,"visible":true,"expansion_state":1,"options":{"engine":"r","label":"unnamed-chunk-12","dev":"png"},"document_id":"EB3B4E4D","chunk_id":"cko2imh8qsmnx","chunk_label":"unnamed-chunk-11"},{"row":131,"row_count":1,"visible":true,"expansion_state":0,"options":{"engine":"r","label":"unnamed-chunk-13","dev":"png"},"document_id":"EB3B4E4D","chunk_id":"cek1nhtwkautd","chunk_label":"unnamed-chunk-12"},{"row":145,"row_count":1,"visible":true,"expansion_state":1,"options":{"engine":"r","label":"unnamed-chunk-14","dev":"png"},"document_id":"EB3B4E4D","chunk_id":"clacrga9fk1ft","chunk_label":"unnamed-chunk-13"}],"doc_write_time":1712338468,"working_dir":null,"default_chunk_options":{"echo":true}}