{"chunk_definitions":[{"row":11,"row_count":1,"visible":true,"expansion_state":0,"options":{"engine":"r","label":"setup","include":false,"dev":"png"},"document_id":"EB3B4E4D","chunk_id":"csetup_chunk","chunk_label":"setup"},{"row":23,"row_count":1,"visible":true,"expansion_state":0,"options":{"engine":"r","label":"unnamed-chunk-39","dev":"png"},"document_id":"EB3B4E4D","chunk_id":"c6zzspcgptvz6","chunk_label":"unnamed-chunk-1"},{"row":38,"row_count":1,"visible":true,"expansion_state":0,"options":{"engine":"r","label":"unnamed-chunk-40","dev":"png"},"document_id":"EB3B4E4D","chunk_id":"cmvai9rvintkh","chunk_label":"unnamed-chunk-2"},{"row":44,"row_count":1,"visible":true,"expansion_state":0,"options":{"engine":"r","label":"unnamed-chunk-41","dev":"png"},"document_id":"EB3B4E4D","chunk_id":"cn1lokc7txcs8","chunk_label":"unnamed-chunk-3"},{"row":50,"row_count":1,"visible":true,"expansion_state":0,"options":{"engine":"r","label":"unnamed-chunk-42","dev":"png"},"document_id":"EB3B4E4D","chunk_id":"csriyzzx44lmw","chunk_label":"unnamed-chunk-4"},{"row":61,"row_count":1,"visible":true,"expansion_state":0,"options":{"engine":"r","label":"unnamed-chunk-43","dev":"png"},"document_id":"EB3B4E4D","chunk_id":"cun0ctqc9paaz","chunk_label":"unnamed-chunk-5"},{"row":69,"row_count":1,"visible":true,"expansion_state":0,"options":{"engine":"r","label":"unnamed-chunk-44","dev":"png"},"document_id":"EB3B4E4D","chunk_id":"cnbkv5xv7fg7u","chunk_label":"unnamed-chunk-6"},{"row":76,"row_count":1,"visible":true,"expansion_state":0,"options":{"engine":"r","label":"unnamed-chunk-47","dev":"png"},"document_id":"EB3B4E4D","chunk_id":"c20aad0et76q5","chunk_label":"unnamed-chunk-7"},{"row":83,"row_count":1,"visible":true,"expansion_state":0,"options":{"engine":"r","label":"unnamed-chunk-9","dev":"png"},"document_id":"EB3B4E4D","chunk_id":"crxiasm9lnupo","chunk_label":"unnamed-chunk-8"},{"row":90,"row_count":1,"visible":true,"expansion_state":0,"options":{"engine":"r","label":"unnamed-chunk-9","dev":"png"},"document_id":"EB3B4E4D","chunk_id":"cqhs0znoqfxxu","chunk_label":"unnamed-chunk-9"},{"row":97,"row_count":1,"visible":true,"expansion_state":0,"options":{"engine":"r","label":"unnamed-chunk-10","dev":"png"},"document_id":"EB3B4E4D","chunk_id":"ciuvyh583knit","chunk_label":"unnamed-chunk-10"},{"row":116,"row_count":1,"visible":true,"expansion_state":1,"options":{"engine":"r","label":"unnamed-chunk-11","dev":"png"},"document_id":"EB3B4E4D","chunk_id":"c08jc4l4mi4i0","chunk_label":"unnamed-chunk-11"},{"row":133,"row_count":1,"visible":true,"expansion_state":1,"options":{"engine":"r","label":"unnamed-chunk-17","dev":"png"},"document_id":"EB3B4E4D","chunk_id":"cek1nhtwkautd","chunk_label":"unnamed-chunk-12"},{"row":166,"row_count":1,"visible":true,"expansion_state":1,"options":{"engine":"r","label":"unnamed-chunk-25","dev":"png"},"document_id":"EB3B4E4D","chunk_id":"c25ete958lbpv","chunk_label":"unnamed-chunk-14"},{"row":182,"row_count":1,"visible":true,"expansion_state":0,"options":{"engine":"r","label":"unnamed-chunk-26","dev":"png"},"document_id":"EB3B4E4D","chunk_id":"crxuixztoihxf","chunk_label":"unnamed-chunk-15"},{"row":197,"row_count":1,"visible":true,"expansion_state":0,"options":{"engine":"r","label":"unnamed-chunk-27","dev":"png"},"document_id":"EB3B4E4D","chunk_id":"cfyzfdk1pigou","chunk_label":"unnamed-chunk-16"},{"row":211,"row_count":1,"visible":true,"expansion_state":1,"options":{"engine":"r","label":"unnamed-chunk-28","dev":"png"},"document_id":"EB3B4E4D","chunk_id":"cgthv8dn66dmp","chunk_label":"unnamed-chunk-17"},{"row":228,"row_count":1,"visible":true,"expansion_state":0,"options":{"engine":"r","label":"unnamed-chunk-54","dev":"png"},"document_id":"EB3B4E4D","chunk_id":"cg6o04znjlpu1","chunk_label":"unnamed-chunk-18"},{"row":239,"row_count":1,"visible":true,"expansion_state":1,"options":{"engine":"r","label":"unnamed-chunk-50","dev":"png"},"document_id":"EB3B4E4D","chunk_id":"czuph4ycurjal","chunk_label":"unnamed-chunk-19"},{"row":243,"row_count":1,"visible":true,"expansion_state":0,"options":{"engine":"r","label":"unnamed-chunk-51","dev":"png"},"document_id":"EB3B4E4D","chunk_id":"c4fu6msz47ggi","chunk_label":"unnamed-chunk-20"}],"doc_write_time":1712354152,"working_dir":null,"default_chunk_options":{"echo":true},"chunk_rendered_width":494}