{"chunk_definitions":[{"row":11,"row_count":1,"visible":true,"expansion_state":0,"options":{"engine":"r","label":"setup","include":false,"dev":"png"},"document_id":"EB3B4E4D","chunk_id":"csetup_chunk","chunk_label":"setup"},{"row":25,"row_count":1,"visible":true,"expansion_state":0,"options":{"engine":"r","label":"unnamed-chunk-57","dev":"png"},"document_id":"EB3B4E4D","chunk_id":"ctvhaibm8u7ls","chunk_label":"unnamed-chunk-1"},{"row":41,"row_count":1,"visible":true,"expansion_state":0,"options":{"engine":"r","label":"unnamed-chunk-58","dev":"png"},"document_id":"EB3B4E4D","chunk_id":"cmvai9rvintkh","chunk_label":"unnamed-chunk-2"},{"row":49,"row_count":1,"visible":true,"expansion_state":0,"options":{"engine":"r","label":"unnamed-chunk-59","dev":"png"},"document_id":"EB3B4E4D","chunk_id":"cn1lokc7txcs8","chunk_label":"unnamed-chunk-3"},{"row":57,"row_count":1,"visible":true,"expansion_state":0,"options":{"engine":"r","label":"unnamed-chunk-60","dev":"png"},"document_id":"EB3B4E4D","chunk_id":"csriyzzx44lmw","chunk_label":"unnamed-chunk-4"},{"row":69,"row_count":1,"visible":true,"expansion_state":0,"options":{"engine":"r","label":"unnamed-chunk-61","dev":"png"},"document_id":"EB3B4E4D","chunk_id":"cw0xzoqdsoz6a","chunk_label":"unnamed-chunk-5"},{"row":79,"row_count":1,"visible":true,"expansion_state":0,"options":{"engine":"r","label":"unnamed-chunk-62","dev":"png"},"document_id":"EB3B4E4D","chunk_id":"cnbkv5xv7fg7u","chunk_label":"unnamed-chunk-6"},{"row":88,"row_count":1,"visible":true,"expansion_state":0,"options":{"engine":"r","label":"unnamed-chunk-63","dev":"png"},"document_id":"EB3B4E4D","chunk_id":"c20aad0et76q5","chunk_label":"unnamed-chunk-7"},{"row":97,"row_count":1,"visible":true,"expansion_state":0,"options":{"engine":"r","label":"unnamed-chunk-64","dev":"png"},"document_id":"EB3B4E4D","chunk_id":"crxiasm9lnupo","chunk_label":"unnamed-chunk-8"},{"row":106,"row_count":1,"visible":true,"expansion_state":0,"options":{"engine":"r","label":"unnamed-chunk-65","dev":"png"},"document_id":"EB3B4E4D","chunk_id":"cqhs0znoqfxxu","chunk_label":"unnamed-chunk-9"},{"row":115,"row_count":1,"visible":true,"expansion_state":0,"options":{"engine":"r","label":"unnamed-chunk-67","dev":"png"},"document_id":"EB3B4E4D","chunk_id":"ciuvyh583knit","chunk_label":"unnamed-chunk-10"},{"row":135,"row_count":1,"visible":true,"expansion_state":0,"options":{"engine":"r","label":"unnamed-chunk-68","dev":"png"},"document_id":"EB3B4E4D","chunk_id":"c08jc4l4mi4i0","chunk_label":"unnamed-chunk-11"},{"row":153,"row_count":1,"visible":true,"expansion_state":1,"options":{"engine":"r","label":"unnamed-chunk-30","dev":"png"},"document_id":"EB3B4E4D","chunk_id":"cek1nhtwkautd","chunk_label":"unnamed-chunk-12"},{"row":169,"row_count":1,"visible":true,"expansion_state":1,"options":{"engine":"r","label":"unnamed-chunk-19","dev":"png"},"document_id":"EB3B4E4D","chunk_id":"cbgeys2wn2fya","chunk_label":"unnamed-chunk-13"},{"row":178,"row_count":1,"visible":true,"expansion_state":0,"options":{"engine":"r","label":"unnamed-chunk-74","dev":"png"},"document_id":"EB3B4E4D","chunk_id":"ccgtp3sg99yya","chunk_label":"unnamed-chunk-14"},{"row":200,"row_count":1,"visible":true,"expansion_state":1,"options":{"engine":"r","label":"unnamed-chunk-32","dev":"png"},"document_id":"EB3B4E4D","chunk_id":"c25ete958lbpv","chunk_label":"unnamed-chunk-16"},{"row":216,"row_count":1,"visible":true,"expansion_state":1,"options":{"engine":"r","label":"unnamed-chunk-33","dev":"png"},"document_id":"EB3B4E4D","chunk_id":"crxuixztoihxf","chunk_label":"unnamed-chunk-17"},{"row":232,"row_count":1,"visible":true,"expansion_state":1,"options":{"engine":"r","label":"unnamed-chunk-24","dev":"png"},"document_id":"EB3B4E4D","chunk_id":"cfyzfdk1pigou","chunk_label":"unnamed-chunk-18"},{"row":247,"row_count":1,"visible":true,"expansion_state":1,"options":{"engine":"r","label":"unnamed-chunk-25","dev":"png"},"document_id":"EB3B4E4D","chunk_id":"cgthv8dn66dmp","chunk_label":"unnamed-chunk-19"},{"row":265,"row_count":1,"visible":true,"expansion_state":0,"options":{"engine":"r","label":"unnamed-chunk-14","dev":"png"},"document_id":"EB3B4E4D","chunk_id":"cm8izo6106z11","chunk_label":"unnamed-chunk-20"},{"row":281,"row_count":1,"visible":true,"expansion_state":0,"options":{"engine":"r","label":"unnamed-chunk-26","dev":"png"},"document_id":"EB3B4E4D","chunk_id":"chwt9jq52333x","chunk_label":"unnamed-chunk-21"},{"row":286,"row_count":1,"visible":true,"expansion_state":0,"options":{"engine":"r","label":"unnamed-chunk-28","dev":"png"},"document_id":"EB3B4E4D","chunk_id":"c5efl02jyr7hw","chunk_label":"unnamed-chunk-22"},{"row":307,"row_count":1,"visible":true,"expansion_state":0,"options":{"engine":"r","label":"unnamed-chunk-102","dev":"png"},"document_id":"EB3B4E4D","chunk_id":"cepf1dw6n0ylb","chunk_label":"unnamed-chunk-23"}],"doc_write_time":1712415402}