{"chunk_definitions":[{"row":11,"row_count":1,"visible":true,"expansion_state":0,"options":{"engine":"r","label":"setup","include":false,"dev":"png"},"document_id":"EB3B4E4D","chunk_id":"csetup_chunk","chunk_label":"setup"},{"row":23,"row_count":1,"visible":true,"expansion_state":0,"options":{"engine":"r","label":"unnamed-chunk-5","dev":"png"},"document_id":"EB3B4E4D","chunk_id":"c6zzspcgptvz6","chunk_label":"unnamed-chunk-1"},{"row":38,"row_count":1,"visible":true,"expansion_state":0,"options":{"engine":"r","label":"unnamed-chunk-3","dev":"png"},"document_id":"EB3B4E4D","chunk_id":"cmvai9rvintkh","chunk_label":"unnamed-chunk-2"},{"row":44,"row_count":1,"visible":true,"expansion_state":0,"options":{"engine":"r","label":"unnamed-chunk-7","dev":"png"},"document_id":"EB3B4E4D","chunk_id":"cn1lokc7txcs8","chunk_label":"unnamed-chunk-3"},{"row":50,"row_count":1,"visible":true,"expansion_state":0,"options":{"engine":"r","label":"unnamed-chunk-8","dev":"png"},"document_id":"EB3B4E4D","chunk_id":"csriyzzx44lmw","chunk_label":"unnamed-chunk-4"},{"row":61,"row_count":1,"visible":true,"expansion_state":0,"options":{"engine":"r","label":"unnamed-chunk-9","dev":"png"},"document_id":"EB3B4E4D","chunk_id":"cun0ctqc9paaz","chunk_label":"unnamed-chunk-5"},{"row":69,"row_count":1,"visible":true,"expansion_state":0,"options":{"engine":"r","label":"unnamed-chunk-10","dev":"png"},"document_id":"EB3B4E4D","chunk_id":"cnbkv5xv7fg7u","chunk_label":"unnamed-chunk-6"},{"row":76,"row_count":1,"visible":true,"expansion_state":0,"options":{"engine":"r","label":"unnamed-chunk-11","dev":"png"},"document_id":"EB3B4E4D","chunk_id":"c20aad0et76q5","chunk_label":"unnamed-chunk-7"},{"row":83,"row_count":1,"visible":true,"expansion_state":0,"options":{"engine":"r","label":"unnamed-chunk-12","dev":"png"},"document_id":"EB3B4E4D","chunk_id":"crxiasm9lnupo","chunk_label":"unnamed-chunk-8"},{"row":90,"row_count":1,"visible":true,"expansion_state":0,"options":{"engine":"r","label":"unnamed-chunk-13","dev":"png"},"document_id":"EB3B4E4D","chunk_id":"cqhs0znoqfxxu","chunk_label":"unnamed-chunk-9"},{"row":97,"row_count":1,"visible":true,"expansion_state":0,"options":{"engine":"r","label":"unnamed-chunk-14","dev":"png"},"document_id":"EB3B4E4D","chunk_id":"ciuvyh583knit","chunk_label":"unnamed-chunk-10"},{"row":116,"row_count":1,"visible":true,"expansion_state":0,"options":{"engine":"r","label":"unnamed-chunk-15","dev":"png"},"document_id":"EB3B4E4D","chunk_id":"c08jc4l4mi4i0","chunk_label":"unnamed-chunk-11"},{"row":133,"row_count":1,"visible":true,"expansion_state":0,"options":{"engine":"r","label":"unnamed-chunk-16","dev":"png"},"document_id":"EB3B4E4D","chunk_id":"cek1nhtwkautd","chunk_label":"unnamed-chunk-12"},{"row":147,"row_count":1,"visible":true,"expansion_state":1,"options":{"engine":"r","label":"unnamed-chunk-17","dev":"png"},"document_id":"EB3B4E4D","chunk_id":"cbgeys2wn2fya","chunk_label":"unnamed-chunk-13"},{"row":152,"row_count":1,"visible":true,"expansion_state":0,"options":{"engine":"r","label":"unnamed-chunk-5","dev":"png"},"document_id":"EB3B4E4D","chunk_id":"ccgtp3sg99yya","chunk_label":"unnamed-chunk-14"},{"row":171,"row_count":1,"visible":true,"expansion_state":1,"options":{"engine":"r","label":"unnamed-chunk-18","dev":"png"},"document_id":"EB3B4E4D","chunk_id":"c25ete958lbpv","chunk_label":"unnamed-chunk-15"},{"row":187,"row_count":1,"visible":true,"expansion_state":1,"options":{"engine":"r","label":"unnamed-chunk-19","dev":"png"},"document_id":"EB3B4E4D","chunk_id":"crxuixztoihxf","chunk_label":"unnamed-chunk-16"},{"row":202,"row_count":1,"visible":true,"expansion_state":0,"options":{"engine":"r","label":"unnamed-chunk-20","dev":"png"},"document_id":"EB3B4E4D","chunk_id":"cfyzfdk1pigou","chunk_label":"unnamed-chunk-17"},{"row":216,"row_count":1,"visible":true,"expansion_state":1,"options":{"engine":"r","label":"unnamed-chunk-21","dev":"png"},"document_id":"EB3B4E4D","chunk_id":"cgthv8dn66dmp","chunk_label":"unnamed-chunk-18"},{"row":233,"row_count":1,"visible":true,"expansion_state":0,"options":{"engine":"r","label":"unnamed-chunk-9","dev":"png"},"document_id":"EB3B4E4D","chunk_id":"cm8izo6106z11","chunk_label":"unnamed-chunk-19"},{"row":246,"row_count":1,"visible":true,"expansion_state":0,"options":{"engine":"r","label":"unnamed-chunk-12","dev":"png"},"document_id":"EB3B4E4D","chunk_id":"chwt9jq52333x","chunk_label":"unnamed-chunk-20"},{"row":250,"row_count":1,"visible":true,"expansion_state":0,"options":{"engine":"r","label":"unnamed-chunk-11","dev":"png"},"document_id":"EB3B4E4D","chunk_id":"c7u4wl7yw1uy1","chunk_label":"unnamed-chunk-21"},{"row":253,"row_count":1,"visible":true,"expansion_state":0,"options":{"engine":"r","label":"unnamed-chunk-13","dev":"png"},"document_id":"EB3B4E4D","chunk_id":"cbfn66nzd05z5","chunk_label":"unnamed-chunk-22"},{"row":270,"row_count":1,"visible":true,"expansion_state":0,"options":{"engine":"r","label":"unnamed-chunk-1","dev":"png"},"document_id":"EB3B4E4D","chunk_id":"cg6o04znjlpu1","chunk_label":"unnamed-chunk-23"},{"row":275,"row_count":1,"visible":true,"expansion_state":0,"options":{"engine":"r","label":"unnamed-chunk-2","dev":"png"},"document_id":"EB3B4E4D","chunk_id":"cv2mysw8gygrs","chunk_label":"unnamed-chunk-24"},{"row":287,"row_count":1,"visible":true,"expansion_state":0,"options":{"engine":"r","label":"unnamed-chunk-11","dev":"png"},"document_id":"EB3B4E4D","chunk_id":"czuph4ycurjal","chunk_label":"unnamed-chunk-25"},{"row":292,"row_count":1,"visible":true,"expansion_state":1,"options":{"engine":"r","label":"unnamed-chunk-21","dev":"png"},"document_id":"EB3B4E4D","chunk_id":"c03ewxbee6cbp","chunk_label":"unnamed-chunk-26"},{"row":302,"row_count":1,"visible":true,"expansion_state":0,"options":{"engine":"r","label":"unnamed-chunk-2","dev":"png"},"document_id":"EB3B4E4D","chunk_id":"ckbcgju5puu6y","chunk_label":"unnamed-chunk-27"}],"doc_write_time":1712394780}